p_valorDentroDeRango,p_valorFueraDeRango,p_valorErroneo,limite_inferior_rango,limite_superior_rango
0.09160518044639576,0.6448643594331906,0.2635304601204136,0.03508130087376782,0.30753873518276387
