p_valorDentroDeRango,p_valorFueraDeRango,p_valorErroneo,limite_inferior_rango,limite_superior_rango
0.32882617373542977,0.029118654648445985,0.6420551716161242,0.3002128259449225,0.3183448523455007
