p_valorDentroDeRango,p_valorFueraDeRango,p_valorErroneo,limite_inferior_rango,limite_superior_rango
0.40040426130005824,0.49206417230653576,0.107531566393406,0.3100805702649232,0.8692786704930696
