p_valorDentroDeRango,p_valorFueraDeRango,p_valorErroneo,limite_inferior_rango,limite_superior_rango
0.969601800354165,0.018339961015382933,0.012058238630452078,0.04874339361826696,0.8557571171428009
