p_valorDentroDeRango,p_valorFueraDeRango,p_valorErroneo,limite_inferior_rango,limite_superior_rango
0.4371386468156264,0.14738799949536596,0.4154733536890076,0.7036552142209331,0.7560712598918896
