p_valorDentroDeRango,p_valorFueraDeRango,p_valorErroneo,limite_inferior_rango,limite_superior_rango
0.4620253463093168,0.3163683563024702,0.22160629738821302,0.16070513938288333,0.35093726190112573
