p_valorDentroDeRango,p_valorFueraDeRango,p_valorErroneo,limite_inferior_rango,limite_superior_rango
0.38130740200928903,0.0036424131573267182,0.6150501848333843,0.026334847568275532,0.33106940049191047
