p_valorDentroDeRango,p_valorFueraDeRango,p_valorErroneo,limite_inferior_rango,limite_superior_rango
0.5259262451855474,0.2340755519731309,0.23999820284132167,0.2507459453978994,0.43954695062503524
