p_valorDentroDeRango,p_valorFueraDeRango,p_valorErroneo,limite_inferior_rango,limite_superior_rango
0.34583867108119726,0.32463526901286843,0.3295260599059343,0.23875285442006489,0.8610559297055155
