p_valorDentroDeRango,p_valorFueraDeRango,p_valorErroneo,limite_inferior_rango,limite_superior_rango
0.47649188327953673,0.13454482240155408,0.3889632943189092,0.3253221384878553,0.41867961108662155
