p_valorDentroDeRango,p_valorFueraDeRango,p_valorErroneo,limite_inferior_rango,limite_superior_rango
0.2107191249665129,0.051561121452641245,0.7377197535808458,0.7160560102242128,0.761090864882094
