p_valorDentroDeRango,p_valorFueraDeRango,p_valorErroneo,limite_inferior_rango,limite_superior_rango
0.4983323128962148,0.46306283146628824,0.03860485563749694,0.27734623475676845,0.3042695183098836
