p_valorDentroDeRango,p_valorFueraDeRango,p_valorErroneo,limite_inferior_rango,limite_superior_rango
0.7948677439870255,0.17264737602034752,0.03248487999262695,0.7613409597694534,0.843541136887472
