p_valorDentroDeRango,p_valorFueraDeRango,p_valorErroneo,limite_inferior_rango,limite_superior_rango
0.25567490957278616,0.3211885041048377,0.42313658632237616,0.5223041047380415,0.5770136862099664
