p_valorDentroDeRango,p_valorFueraDeRango,p_valorErroneo,limite_inferior_rango,limite_superior_rango
0.7224774340070519,0.2732676068973974,0.004254959095550737,0.43298498253893614,0.45427796231395834
