p_valorDentroDeRango,p_valorFueraDeRango,p_valorErroneo,limite_inferior_rango,limite_superior_rango
0.34370454138072715,0.1970974682123361,0.45919799040693676,0.5414486785051347,0.9094434877239909
