p_valorDentroDeRango,p_valorFueraDeRango,p_valorErroneo,limite_inferior_rango,limite_superior_rango
0.912958316630832,0.001427553268727677,0.08561413010044028,0.1133530468566577,0.8326623096178709
