p_valorDentroDeRango,p_valorFueraDeRango,p_valorErroneo,limite_inferior_rango,limite_superior_rango
0.5498431476689358,0.4138634423462051,0.03629340998485908,0.31840471307453855,0.6051944204411
