p_valorDentroDeRango,p_valorFueraDeRango,p_valorErroneo,limite_inferior_rango,limite_superior_rango
0.32141918091269306,0.3157844522325216,0.36279636685478533,0.4161647290841832,0.4896946155122005
