p_valorDentroDeRango,p_valorFueraDeRango,p_valorErroneo,limite_inferior_rango,limite_superior_rango
0.4097926097969852,0.2963612623157622,0.2938461278872526,0.3912198222126989,0.5272603976112344
