p_valorDentroDeRango,p_valorFueraDeRango,p_valorErroneo,limite_inferior_rango,limite_superior_rango
0.7185828716193428,0.1989970651110079,0.08242006326964935,0.3507564948151618,0.4953145958849874
