p_valorDentroDeRango,p_valorFueraDeRango,p_valorErroneo,limite_inferior_rango,limite_superior_rango
0.8117418644537167,0.018719888862838707,0.16953824668344464,0.1438893379202547,0.8206691233253222
