p_valorDentroDeRango,p_valorFueraDeRango,p_valorErroneo,limite_inferior_rango,limite_superior_rango
0.969650975117122,0.024468184328757858,0.0058808405541201925,0.1201115242226789,0.648744639739058
