p_valorDentroDeRango,p_valorFueraDeRango,p_valorErroneo,limite_inferior_rango,limite_superior_rango
0.5674668797715382,0.10950413663014569,0.3230289835983161,0.6585033877792554,0.76939384584169
